{
    "Web": {
        "Count": 20, 
        "TotalPledges": 257509.5, 
        "AveragePledge": 12875.475
    }, 
    "Jazz": {
        "Count": 1093, 
        "TotalPledges": 4486374.489999997, 
        "AveragePledge": 4104.642717291854
    }, 
    "Performance Art": {
        "Count": 1304, 
        "TotalPledges": 2896140.929999999, 
        "AveragePledge": 2220.966970858895
    }, 
    "3D Printing": {
        "Count": 50, 
        "TotalPledges": 6733467.45, 
        "AveragePledge": 134669.34899999996
    }, 
    "Poetry": {
        "Count": 692, 
        "TotalPledges": 765517.8099999999, 
        "AveragePledge": 1106.23960982659
    }, 
    "Comic Books": {
        "Count": 19, 
        "TotalPledges": 263486.85000000003, 
        "AveragePledge": 13867.728947368423
    }, 
    "Comedy": {
        "Count": 2, 
        "TotalPledges": 113947.68999999999, 
        "AveragePledge": 56973.844999999994
    }, 
    "Movie Theaters": {
        "Count": 7, 
        "TotalPledges": 644561.99, 
        "AveragePledge": 92080.28428571428
    }, 
    "Fabrication Tools": {
        "Count": 10, 
        "TotalPledges": 279007.72, 
        "AveragePledge": 27900.772000000004
    }, 
    "Indie Rock": {
        "Count": 4212, 
        "TotalPledges": 15438043.229999978, 
        "AveragePledge": 3665.252428774915
    }, 
    "Space Exploration": {
        "Count": 32, 
        "TotalPledges": 758754.2300000001, 
        "AveragePledge": 23711.069687499996
    }, 
    "Painting": {
        "Count": 1396, 
        "TotalPledges": 2672217.2300000004, 
        "AveragePledge": 1914.195723495704
    }, 
    "Photography": {
        "Count": 4250, 
        "TotalPledges": 11283249.209999986, 
        "AveragePledge": 2654.8821670588236
    }, 
    "Robots": {
        "Count": 47, 
        "TotalPledges": 2677937.1, 
        "AveragePledge": 56977.38510638299
    }, 
    "Science Fiction": {
        "Count": 8, 
        "TotalPledges": 157231.38999999998, 
        "AveragePledge": 19653.923749999998
    }, 
    "Residencies": {
        "Count": 1, 
        "TotalPledges": 3262.78, 
        "AveragePledge": 3262.78
    }, 
    "Sound": {
        "Count": 23, 
        "TotalPledges": 1917413.8299999998, 
        "AveragePledge": 83365.81869565217
    }, 
    "Webcomics": {
        "Count": 11, 
        "TotalPledges": 565300.74, 
        "AveragePledge": 51390.976363636364
    }, 
    "Kids": {
        "Count": 9, 
        "TotalPledges": 89133.0, 
        "AveragePledge": 9903.666666666666
    }, 
    "Film & Video": {
        "Count": 7019, 
        "TotalPledges": 27377220.090000022, 
        "AveragePledge": 3900.4445205869797
    }, 
    "Performances": {
        "Count": 7, 
        "TotalPledges": 39297.990000000005, 
        "AveragePledge": 5613.998571428572
    }, 
    "Punk": {
        "Count": 13, 
        "TotalPledges": 37054.630000000005, 
        "AveragePledge": 2850.356153846154
    }, 
    "Product Design": {
        "Count": 5446, 
        "TotalPledges": 137979626.76000026, 
        "AveragePledge": 25335.957906720592
    }, 
    "Children's Book": {
        "Count": 2553, 
        "TotalPledges": 7403168.95, 
        "AveragePledge": 2899.7919898159075
    }, 
    "Crafts": {
        "Count": 1192, 
        "TotalPledges": 3109360.2300000004, 
        "AveragePledge": 2608.523682885911
    }, 
    "Thrillers": {
        "Count": 4, 
        "TotalPledges": 347724.08999999997, 
        "AveragePledge": 86931.02249999999
    }, 
    "Experimental": {
        "Count": 11, 
        "TotalPledges": 55184.0, 
        "AveragePledge": 5016.727272727273
    }, 
    "Restaurants": {
        "Count": 8, 
        "TotalPledges": 527014.37, 
        "AveragePledge": 65876.79625
    }, 
    "Fashion": {
        "Count": 5711, 
        "TotalPledges": 30305551.12000001, 
        "AveragePledge": 5306.522696550508
    }, 
    "Art": {
        "Count": 3086, 
        "TotalPledges": 10896356.840000002, 
        "AveragePledge": 3530.8998185353294
    }, 
    "DIY Electronics": {
        "Count": 57, 
        "TotalPledges": 6236287.079999999, 
        "AveragePledge": 109408.54526315788
    }, 
    "Bacon": {
        "Count": 10, 
        "TotalPledges": 97341.54000000001, 
        "AveragePledge": 9734.154
    }, 
    "Accessories": {
        "Count": 22, 
        "TotalPledges": 964910.52, 
        "AveragePledge": 43859.56909090909
    }, 
    "Mixed Media": {
        "Count": 1324, 
        "TotalPledges": 5658923.15, 
        "AveragePledge": 4274.11114048338
    }, 
    "Plays": {
        "Count": 21, 
        "TotalPledges": 102151.54000000001, 
        "AveragePledge": 4864.359047619048
    }, 
    "Jewelry": {
        "Count": 13, 
        "TotalPledges": 20795.989999999998, 
        "AveragePledge": 1599.6915384615384
    }, 
    "Conceptual Art": {
        "Count": 540, 
        "TotalPledges": 1098916.2500000002, 
        "AveragePledge": 2035.0300925925926
    }, 
    "Apps": {
        "Count": 20, 
        "TotalPledges": 205470.71999999997, 
        "AveragePledge": 10273.536
    }, 
    "Anthologies": {
        "Count": 21, 
        "TotalPledges": 430024.93, 
        "AveragePledge": 20477.377619047616
    }, 
    "Art Book": {
        "Count": 1126, 
        "TotalPledges": 8013729.960000002, 
        "AveragePledge": 7116.9893072824125
    }, 
    "Latin": {
        "Count": 7, 
        "TotalPledges": 51060.0, 
        "AveragePledge": 7294.285714285715
    }, 
    "Installations": {
        "Count": 6, 
        "TotalPledges": 129418.0, 
        "AveragePledge": 21569.666666666668
    }, 
    "Horror": {
        "Count": 10, 
        "TotalPledges": 514865.0, 
        "AveragePledge": 51486.5
    }, 
    "Translations": {
        "Count": 13, 
        "TotalPledges": 102492.74, 
        "AveragePledge": 7884.056923076923
    }, 
    "R&B": {
        "Count": 12, 
        "TotalPledges": 75303.0, 
        "AveragePledge": 6275.25
    }, 
    "Public Art": {
        "Count": 1677, 
        "TotalPledges": 7070842.870000007, 
        "AveragePledge": 4216.364263565893
    }, 
    "Ready-to-wear": {
        "Count": 8, 
        "TotalPledges": 592381.01, 
        "AveragePledge": 74047.62625
    }, 
    "Theater": {
        "Count": 5823, 
        "TotalPledges": 22462662.420000017, 
        "AveragePledge": 3857.575548686245
    }, 
    "Places": {
        "Count": 9, 
        "TotalPledges": 49419.0, 
        "AveragePledge": 5491.0
    }, 
    "Comics": {
        "Count": 3854, 
        "TotalPledges": 25268249.629999984, 
        "AveragePledge": 6556.369909185237
    }, 
    "Metal": {
        "Count": 140, 
        "TotalPledges": 562619.9500000001, 
        "AveragePledge": 4018.7139285714297
    }, 
    "Webseries": {
        "Count": 3402, 
        "TotalPledges": 14190060.969999988, 
        "AveragePledge": 4171.093759553189
    }, 
    "Typography": {
        "Count": 23, 
        "TotalPledges": 160142.56, 
        "AveragePledge": 6962.72
    }, 
    "Drama": {
        "Count": 8, 
        "TotalPledges": 201394.38, 
        "AveragePledge": 25174.2975
    }, 
    "Architecture": {
        "Count": 19, 
        "TotalPledges": 95502.0, 
        "AveragePledge": 5026.421052631579
    }, 
    "Rock": {
        "Count": 4512, 
        "TotalPledges": 15199640.259999974, 
        "AveragePledge": 3368.7145966312064
    }, 
    "Civic Design": {
        "Count": 15, 
        "TotalPledges": 519414.75, 
        "AveragePledge": 34627.649999999994
    }, 
    "People": {
        "Count": 5, 
        "TotalPledges": 71556.0, 
        "AveragePledge": 14311.2
    }, 
    "Dance": {
        "Count": 1823, 
        "TotalPledges": 5906559.6, 
        "AveragePledge": 3240.021722435549
    }, 
    "Mobile Games": {
        "Count": 11, 
        "TotalPledges": 53727.03, 
        "AveragePledge": 4884.2754545454545
    }, 
    "Literary Journals": {
        "Count": 13, 
        "TotalPledges": 51302.0,